Type,Name,Request Count,Failure Count,Median Response Time,Average Response Time,Min Response Time,Max Response Time,Average Content Size,Requests/s,Failures/s,50%,66%,75%,80%,90%,95%,98%,99%,99.9%,99.99%,100%
GET,/,74,0,4,4.348937837749946,2.6480999986233655,12.860899998486275,626.0,2.5353610242365776,0.0,4,4,5,5,6,7,12,13,13,13,13
GET,/api/status,54,0,4,5.77007222239411,3.1477000011364,53.955699997459305,626.0,1.8501283149834484,0.0,4,5,5,5,7,9,22,54,54,54,54
,Aggregated,128,0,4,4.948478906271703,2.6480999986233655,53.955699997459305,626.0,4.385489339220026,0.0,4,5,5,5,7,8,13,22,54,54,54
