Type,Name,Request Count,Failure Count,Median Response Time,Average Response Time,Min Response Time,Max Response Time,Average Content Size,Requests/s,Failures/s,50%,66%,75%,80%,90%,95%,98%,99%,99.9%,99.99%,100%
GET,/,4,4,4200.0,4210.189799998261,4184.478699997271,4225.0905000000785,0.0,0.48546094019757835,0.48546094019757835,4200,4200,4200,4200,4200,4200,4200,4200,4200,4200,4200
GET,/api/status,1,1,4284.184199997981,4284.184199997981,4284.184199997981,4284.184199997981,0.0,0.12136523504939459,0.12136523504939459,4300,4300,4300,4300,4300,4300,4300,4300,4300,4300,4300
,Aggregated,5,5,4200.0,4224.988679998205,4184.478699997271,4284.184199997981,0.0,0.6068261752469729,0.6068261752469729,4200,4200,4200,4300,4300,4300,4300,4300,4300,4300,4300
