Type,Name,Request Count,Failure Count,Median Response Time,Average Response Time,Min Response Time,Max Response Time,Average Content Size,Requests/s,Failures/s,50%,66%,75%,80%,90%,95%,98%,99%,99.9%,99.99%,100%
GET,/,92,0,6,7.595465216977375,2.2698999964632094,76.08500000060303,626.0,3.2300943065468872,0.0,6,7,7,8,10,29,43,76,76,76,76
GET,/api/status,32,32,6,6.516825000289828,2.316500002052635,18.769100002828054,0.0,1.1235110631467433,1.1235110631467433,6,7,8,9,10,12,19,19,19,19,19
,Aggregated,124,32,6,7.317106451380589,2.2698999964632094,76.08500000060303,464.4516129032258,4.35360536969363,1.1235110631467433,6,7,7,8,10,14,32,43,76,76,76
