Type,Name,Request Count,Failure Count,Median Response Time,Average Response Time,Min Response Time,Max Response Time,Average Content Size,Requests/s,Failures/s,50%,66%,75%,80%,90%,95%,98%,99%,99.9%,99.99%,100%
GET,/,19,0,19,22.97588421053756,12.782699999661418,90.06799999997384,626.0,2.1443809175178723,0.0,19,20,23,25,28,90,90,90,90,90,90
GET,/api/status,6,0,15,15.322866666792834,12.502199999744334,20.1310000002195,626.0,0.6771729213214334,0.0,15,15,17,17,20,20,20,20,20,20,20
,Aggregated,25,0,18,21.139160000038828,12.502199999744334,90.06799999997384,626.0,2.8215538388393058,0.0,18,20,20,23,26,28,90,90,90,90,90
