Type,Name,Request Count,Failure Count,Median Response Time,Average Response Time,Min Response Time,Max Response Time,Average Content Size,Requests/s,Failures/s,50%,66%,75%,80%,90%,95%,98%,99%,99.9%,99.99%,100%
GET,/,19,0,18,21.83959999992543,12.449399999695743,87.56859999994049,626.0,2.1419340924715424,0.0,18,20,22,23,27,88,88,88,88,88,88
GET,/api/status,8,0,18,21.385987500025294,11.682500000006257,53.4378000002107,626.0,0.9018669863038072,0.0,18,22,23,23,53,53,53,53,53,53,53
,Aggregated,27,0,18,21.705196296251316,11.682500000006257,87.56859999994049,626.0,3.0438010787753496,0.0,18,20,22,23,27,53,88,88,88,88,88
