Type,Name,Request Count,Failure Count,Median Response Time,Average Response Time,Min Response Time,Max Response Time,Average Content Size,Requests/s,Failures/s,50%,66%,75%,80%,90%,95%,98%,99%,99.9%,99.99%,100%
GET,/,20,0,5,12.069180000435153,3.445800000918098,74.2699000002176,370.0,2.2555411157252063,0.0,6,7,8,17,41,74,74,74,74,74,74
GET,/api/status,8,0,5,6.145350000679173,3.6860000000160653,9.923100002197316,370.0,0.9022164462900826,0.0,6,7,9,9,10,10,10,10,10,10,10
,Aggregated,28,0,5,10.376657143362015,3.445800000918098,74.2699000002176,370.0,3.157757562015289,0.0,6,7,8,9,30,41,74,74,74,74,74
